,station_coords,station_names
0,"'118.777761,31.981484'",阅城国际南门
1,"'118.784985,31.983802'",郁金香路
2,"'118.787064,31.984688'",翠岛花城北
3,"'118.792687,31.98714'",丁墙村
4,"'118.795551,31.988368'",郁金香路东
5,"'118.797747,31.988494'",卡子门大街南
6,"'118.797592,31.983997'",软件大道东
7,"'118.797926,31.979956'",明发商业广场
8,"'118.802468,31.981542'",双龙街
9,"'118.807331,31.981832'",汇康路
100,"'118.758173,31.997193'",龙福山庄总站
101,"'118.757852,32.003963'",赛上路
102,"'118.761001,32.007254'",凤台南路
103,"'118.763027,32.00906'",赛虹桥
104,"'118.767914,32.009605'",赛虹桥立交东
105,"'118.776416,32.007146'",中华门地铁站
106,"'118.778982,32.00633'",应天大街·雨花路
107,"'118.780903,32.009316'",大报恩寺遗址公园
108,"'118.782339,32.013759'",中华门城堡
109,"'118.783102,32.017122'",中华路·长乐路
110,"'118.780779,32.020491'",中山南路·新桥
111,"'118.782884,32.025859'",中山南路·升州路
112,"'118.784136,32.032322'",三元巷
113,"'118.784149,32.036547'",新街口南
114,"'118.784126,32.0438'",新街口北
115,"'118.784119,32.048161'",中山路·珠江路南
116,"'118.784125,32.051223'",中山路·珠江路北
117,"'118.784126,32.057032'",鼓楼医院
118,"'118.781191,32.061442'",中山北路·鼓楼
119,"'118.778967,32.063381'",中山北路·大方巷
120,"'118.774188,32.067532'",山西路
121,"'118.768819,32.072213'",中山北路·虹桥
122,"'118.761601,32.078474'",中山北路·三牌楼
123,"'118.757676,32.081853'",中山北路·萨家湾
124,"'118.752599,32.085958'",盐仓桥广场西
125,"'118.742466,32.08798'",热河路
126,"'118.736079,32.090237'",公共路中
127,"'118.733953,32.088571'",中山码头北
884,"'118.92224,31.755503'",柘塘
885,"'118.927378,31.751801'",安山
886,"'118.934166,31.746932'",牌头村
887,"'118.938359,31.743984'",交山
888,"'118.944232,31.740536'",科技创业园
889,"'118.948937,31.737813'",吴家村
890,"'118.956302,31.733711'",柘塘中学
891,"'118.960473,31.731884'",新城佳苑
892,"'118.964518,31.730117'",方家边
893,"'118.967283,31.728935'",乌山老街
894,"'118.971558,31.726694'",乌山
895,"'118.977218,31.721814'",徐母塘
896,"'118.980479,31.718285'",幸福寓
897,"'118.986414,31.711681'",月鹭湖公园东
898,"'118.989314,31.707852'",红星
899,"'118.99296,31.704015'",朱塘村
900,"'119.000673,31.695951'",果园·AO史密斯
901,"'119.011541,31.692062'",创维乐活城
902,"'119.014281,31.692161'",中兴西路
903,"'119.016263,31.689088'",群力大道
904,"'119.02464,31.686575'",开发区管委会站
905,"'119.026302,31.682791'",喜之郎东
906,"'119.02635,31.678698'",双塘路北
907,"'119.02126,31.675575'",机场路·群力大道
908,"'119.019119,31.671917'",一品骊城
909,"'119.019987,31.668715'",马场路口
910,"'119.021302,31.664913'",宝塔桥
911,"'119.022322,31.662083'",宝塔寺
912,"'119.025195,31.658984'",南京银行
913,"'119.028458,31.657738'",财贸新村
914,"'119.03349,31.658138'",明都苑
915,"'119.038937,31.659123'",中山桥
916,"'119.041745,31.660472'",S7溧水站西
917,"'119.046298,31.662721'",汽车客运站
2040,"'118.720512,31.966398'",油坊桥地铁站
2041,"'118.719253,31.964753'",油坊桥地铁站南
2042,"'118.718174,31.96343'",莲池路·平良大街
2043,"'118.718163,31.958942'",西善桥北
2044,"'118.722844,31.955798'",西善桥社区医院
2045,"'118.723554,31.954356'",梅岭小区
2046,"'118.727909,31.952237'",福善路
2047,"'118.730858,31.952719'",陇淮路南
2048,"'118.730955,31.954904'",陇淮路
2049,"'118.73011,31.956705'",龙凤佳园
2050,"'118.726128,31.957163'",守正路·龙西路
2051,"'118.72461,31.954635'",梅山桥
2052,"'118.719803,31.947813'",韩府大街·梅山桥
2053,"'118.716779,31.950196'",梅山第二中学
2054,"'118.714283,31.95097'",梅山高级中学
2055,"'118.711682,31.95199'",梅欣小区
2056,"'118.708281,31.950769'",圣玻路东
2057,"'118.70307,31.948567'",圣玻路西
2058,"'118.698987,31.945668'",岱山东路·西柿路
2059,"'118.700154,31.942814'",平治东苑北
2060,"'118.695272,31.939155'",岱善路·徐村街
2061,"'118.699129,31.934124'",岱山南路总站东
2062,"'118.701696,31.932625'",云栖玫瑰园
2063,"'118.704885,31.93538'",梅山医院岱山院区
2064,"'118.702956,31.93784'",岱山实验小学南校区
2065,"'118.699576,31.937326'",岱山中路南
2716,"'118.885001,32.120883'",尧化门总站
2717,"'118.886523,32.122782'",尧辰路·尧佳路(临时站)
2718,"'118.885319,32.124458'",尧辰路·东苑路(临时站)
2719,"'118.884346,32.127607'",尧辰路·新城路(临时站)
2720,"'118.903759,32.134145'",十月村
2721,"'118.91141,32.134143'",十月村东
2722,"'118.93013,32.14372'",南京炼油厂
2723,"'118.938438,32.146111'",戴家库
2724,"'118.94552,32.14543'",南象山
2725,"'118.954119,32.146927'",栖霞山风景区
2726,"'118.962375,32.145709'",栖霞山风景区南门
2727,"'118.9776,32.14342'",梅墓
2728,"'118.987704,32.142841'",下梅墓
2729,"'118.995434,32.140148'",齐东苑西
2730,"'118.996684,32.138945'",竹丝中路西
2731,"'118.999805,32.139462'",步青苑
2732,"'119.002983,32.139858'",竹丝中路东
2733,"'119.007256,32.143181'",朝阳路
2734,"'119.009718,32.141793'",西岗街道办事处
2735,"'119.010034,32.139251'",摄山星城总站北
3116,"'118.728684,32.005023'",奥体中心东门站
3117,"'118.725445,32.001065'",富春江西街站
3118,"'118.721198,31.995139'",元通站
3119,"'118.717101,31.990196'",博览中心东门站
3120,"'118.712583,31.985794'",江山大街站
3121,"'118.707516,31.980817'",友谊街站
3122,"'118.701633,31.977355'",平良大街站
3123,"'118.694134,31.975645'",吴侯街站
3124,"'118.68795,31.974794'",龙王大街
3125,"'118.681386,31.973929'",天保街
3126,"'118.674645,31.973011'",保双街站
3127,"'118.673344,31.969857'",保双街东
3128,"'118.668602,31.967478'",鱼嘴站
3285,"'118.928153,31.38959'",凤山
3286,"'118.928168,31.389032'",古柏卫生院
3287,"'118.92934,31.385378'",统一集团
3288,"'118.935165,31.375515'",凤山路北
3289,"'118.938999,31.368285'",古檀大道(临时站)
3290,"'118.93994,31.366531'",湖滨中学
3291,"'118.941185,31.364319'",人民医院
3292,"'118.942773,31.361389'",开发区管委会东
3293,"'118.945937,31.356078'",古柏科创中心
3294,"'118.948151,31.353733'",临时站
3295,"'118.950161,31.350443'",花山路东
3296,"'118.948227,31.349045'",质检中心
3297,"'118.943289,31.345769'",来一口食品厂
3298,"'118.939913,31.343602'",花山路西(临时站)
3299,"'118.936832,31.341619'",花山路西(临时站)(凯莱服饰大卖场)
3300,"'118.934579,31.340174'",花山路西
3301,"'118.932348,31.341587'",双湖星城
3302,"'118.929774,31.344509'",松园路口
3303,"'118.925812,31.343929'",双湖明珠
3304,"'118.918374,31.33835'",南塘
3305,"'118.913325,31.335722'",体育中心
3306,"'118.906845,31.332144'",双湖景苑
3307,"'118.901993,31.329418'",波西塔诺
3308,"'118.899214,31.32786'",淳辉中学
3309,"'118.894263,31.325056'",电信局
3310,"'118.889937,31.323724'",吴家
3311,"'118.886254,31.324036'",宝塔公园
3312,"'118.883987,31.324263'",凯金广场
3313,"'118.880928,31.324417'",狮子山
3314,"'118.87826,31.324006'",建设银行
3315,"'118.875343,31.323311'",八佰伴
3316,"'118.872818,31.322708'",运管所
3317,"'118.871246,31.32234'",泮池园
3318,"'118.869592,31.322977'",中医院(新院区)
3319,"'118.866363,31.323507'",建工局
3320,"'118.866797,31.325738'",淳中路口
4581,"'119.012765,31.631298'",城南站
4582,"'119.016787,31.636092'",公安分局
4583,"'119.017361,31.63875'",栖凤路南
4584,"'119.017096,31.642938'",看守所
4585,"'119.016832,31.646684'",秀园西苑
4586,"'119.018785,31.648125'",人民法院
4587,"'119.022543,31.648277'",图书馆
4588,"'119.025951,31.65013'",机关幼儿园
4589,"'119.029271,31.650373'",区政府
4590,"'119.031636,31.651094'",弯子口北
4591,"'119.031634,31.655257'",通济街
4592,"'119.031597,31.660456'",明珠桥
4593,"'119.031538,31.664032'",湾塘
4594,"'119.031302,31.668021'",溧水中专学校·电大
4595,"'119.031163,31.670521'",美丽新城
4596,"'119.030988,31.674595'",机场路口
4597,"'119.034931,31.675998'",碧水家园
4598,"'119.041111,31.676393'",东城世家北
4599,"'119.04803,31.676788'",北宸新苑北
4600,"'119.050231,31.673756'",秦淮佳苑
4601,"'119.05037,31.671817'",秦淮佳苑五期
4602,"'119.050617,31.668698'",锦和家园西
5065,"'119.058403,31.62441'",高平大街公交首末站
5066,"'119.055325,31.624608'",高平大街东
5067,"'119.04987,31.625417'",万达广场东
5068,"'119.049818,31.628963'",崇文路口
5069,"'119.039078,31.629972'",中山首府北
5070,"'119.034157,31.629959'",人民医院南
5071,"'119.029732,31.629955'",时代景园北
5072,"'119.027535,31.630738'",第三小学东
5073,"'119.027551,31.634089'",省溧中西站
5074,"'119.02847,31.637214'",南方新城
5075,"'119.032435,31.639045'",实验幼儿园
5076,"'119.032465,31.641324'",广成花园
5077,"'119.031823,31.644774'",省溧中附中
5078,"'119.031672,31.647172'",弯子口南
5081,"'119.029896,31.657808'",财贸新村
5082,"'119.025534,31.658785'",南京银行
5083,"'119.022613,31.661723'",宝塔寺
5084,"'119.021378,31.664978'",宝塔桥
5085,"'119.019939,31.669171'",马场路口
5086,"'119.019058,31.673328'",一品骊城
5087,"'119.018516,31.678125'",田冲
5088,"'119.014045,31.686293'",创维乐活城南
5089,"'119.016463,31.689206'",群力大道
5090,"'119.014484,31.692305'",中兴西路
5091,"'119.011428,31.692187'",创维乐活城
5092,"'119.007782,31.693681'",胜水路南
5093,"'119.007661,31.696354'",胜水路
5906,"'119.061866,31.511489'",石山下
5907,"'119.089815,31.508168'",竹上云想
5908,"'119.08796,31.519653'",新山里
5909,"'119.083811,31.527826'",观山驿站
5910,"'119.082274,31.538277'",朱夏村
5911,"'119.06694,31.536153'",晶桥中心卫生院
5912,"'119.058036,31.536628'",轮胎厂
5913,"'119.051306,31.538138'",张村
5914,"'119.042266,31.541311'",经家山
5915,"'119.036671,31.542391'",水晶路口
5916,"'119.031992,31.54546'",薛家村
5917,"'119.028181,31.549501'",马家
5918,"'119.026207,31.55276'",汤家
5919,"'119.025104,31.555091'",傅家边
5920,"'119.023832,31.557821'",傅家边敬老院
5921,"'119.022376,31.560968'",傅家边科技园
5922,"'119.020942,31.565877'",盛村
5923,"'119.016866,31.571385'",傅家边村委会
5924,"'119.011836,31.573255'",涧东
5925,"'119.008229,31.572309'",草莓园广场
5926,"'119.012791,31.572973'",涧东
5927,"'119.028499,31.578587'",老虎山驿站
5928,"'119.028407,31.591202'",裸心岭度假村
5929,"'119.029728,31.595067'",无想寺·老庙
5930,"'119.020139,31.601706'",无想禅寺
5931,"'119.025668,31.612526'",无想山景区
5932,"'119.026771,31.615239'",高岩路口
5933,"'119.030343,31.618676'",幸庄湿地公园
5934,"'119.033715,31.622938'",城隍庙西
5935,"'119.035985,31.62849'",随园路
5936,"'119.034297,31.632331'",人民医院北
5937,"'119.032405,31.635282'",省溧中东站
5941,"'119.031675,31.646897'",弯子口南
5943,"'119.031632,31.655226'",通济街
5946,"'119.041878,31.660547'",S7溧水站西
7587,"'118.615125,32.044496'",雨山路
7588,"'118.626645,32.057396'",文德路
7589,"'118.635204,32.064712'",龙华路
7590,"'118.648245,32.066794'",南京工业大学
7591,"'118.657082,32.061689'",浦口万汇城
7592,"'118.665528,32.057186'",临江·青奥体育公园
7593,"'118.703335,32.031632'",江心洲
7594,"'118.716735,32.024161'",绿博园
7595,"'118.721781,32.015473'",梦都大街
7596,"'118.718286,32.009065'",奥体中心
7597,"'118.721449,31.995471'",元通
7598,"'118.73317,31.987911'",中胜
7599,"'118.744681,31.982464'",小行
7600,"'118.762136,31.990862'",安德门
7783,"'118.887659,31.737687'",空港新城江宁
7784,"'118.87364,31.730279'",禄口机场
7785,"'118.829201,31.754866'",翔宇路南
7786,"'118.821542,31.791284'",翔宇路北
7787,"'118.805809,31.845115'",正方中路
7788,"'118.795378,31.886312'",吉印大道
7789,"'118.791365,31.914086'",河海大学·佛城西路
7790,"'118.784514,31.94253'",翠屏山
7791,"'118.796786,31.970968'",南京南站
7864,"'118.866246,31.323464'",建工局
7865,"'118.865451,31.32704'",康桥家园
7866,"'118.864848,31.328759'",王村
7867,"'118.86569,31.332422'",大市场
7868,"'118.870468,31.332418'",怡城花园
7869,"'118.874844,31.33253'",中心小学
7870,"'118.878616,31.332691'",富康花园
7871,"'118.881714,31.332813'",天泰雅居
7872,"'118.885534,31.332973'",世纪花园
7873,"'118.888228,31.333092'",江山嘉园
7874,"'118.892036,31.333239'",金地康城
7875,"'118.895306,31.333378'",武家嘴大酒店
7876,"'118.898466,31.333612'",公交车站
8033,"'118.815833,31.326636'",阳江镇政府
8034,"'118.814936,31.32836'",阳江农行
8035,"'118.820511,31.331775'",阳江小学西区
8036,"'118.821997,31.331657'",阳江卫生院
8037,"'118.825892,31.329573'",史家拐
8038,"'118.831555,31.334533'",张家坝
8039,"'118.850595,31.337998'",公路站
8040,"'118.853828,31.3375'",螃蟹市场北
8041,"'118.856042,31.334722'",螃蟹市场南
8042,"'118.86074,31.33389'",蒋家
8043,"'118.864974,31.328307'",王村
8044,"'118.865477,31.326489'",康桥家园
8046,"'118.87085,31.328724'",甘霖路口
8047,"'118.87426,31.328785'",凤岭公园
8048,"'118.878585,31.328702'",交通运输局
8049,"'118.883138,31.328138'",北漪园
8050,"'118.888021,31.327436'",高级中学(唐家)
8051,"'118.891246,31.327287'",区政府
8052,"'118.894067,31.327305'",区政府(教育局)
8053,"'118.896088,31.329449'",卫健委
8054,"'118.896301,31.332453'",长途车站
8562,"'118.787315,32.125885'",五马渡总站北
8563,"'118.791794,32.130306'",达摩古洞
8564,"'118.80072,32.136662'",燕子矶三台洞
8565,"'118.808672,32.141558'",燕子矶二台洞
8566,"'118.812001,32.143728'",燕子矶头台洞
8567,"'118.817215,32.145799'",燕子矶公园
8568,"'118.819207,32.141359'",门坡
8569,"'118.819814,32.13935'",化工新村东
8570,"'118.82188,32.135381'",燕子矶地铁站
8571,"'118.822388,32.131994'",胜利村
8572,"'118.821851,32.128992'",吉祥庵地铁站
8573,"'118.822258,32.126732'",神农路西
8574,"'118.826276,32.126801'",神农路·燕园路
8575,"'118.830185,32.127113'",南京特教学院
8576,"'118.834883,32.127756'",神农路桥
8577,"'118.834633,32.125263'",燕城大道·寅春西路
8578,"'118.838468,32.119592'",万寿
8579,"'118.851618,32.115846'",燕新路·瑞福大街
8580,"'118.854026,32.113386'",燕新路·福寿街
8581,"'118.857253,32.111437'",奋斗村
8582,"'118.859067,32.11281'",丁家庄
8583,"'118.866662,32.119256'",金尧西路
8584,"'118.872122,32.122543'",金尧花园
8585,"'118.874295,32.123476'",青田雅居
8586,"'118.876584,32.123293'",吴家边
8587,"'118.880756,32.118276'",省人民医院栖霞分院
8589,"'118.887641,32.122427'",尧化门地铁站西
8590,"'118.890185,32.123749'",前新塘
8591,"'118.891997,32.124764'",尧顺家园南
8592,"'118.894888,32.126416'",仙新路地铁站
9523,"'119.046276,31.66279'",汽车客运站
9524,"'119.042713,31.66115'",S7溧水站西
9525,"'119.039366,31.659275'",中山桥
9526,"'119.034783,31.658442'",明都苑
9530,"'119.021319,31.665135'",宝塔桥
9532,"'119.019032,31.673559'",一品骊城
9534,"'119.018039,31.682539'",岔路口
9535,"'119.017576,31.685381'",汽车4S园
9537,"'119.015599,31.693724'",金陵中学西
9538,"'119.016198,31.699446'",秀山路口
9539,"'119.016076,31.712869'",怡景家园
9540,"'119.014653,31.720386'",S7群力站·鼓楼医院
9541,"'119.01387,31.736848'",群力
9542,"'119.013322,31.739276'",群力中学
9543,"'119.012096,31.74457'",锣鼓墩
9544,"'119.01115,31.749448'",五谷塘
9545,"'119.015569,31.760933'",爱廉村委会
9546,"'119.019324,31.764855'",开泰村
9547,"'119.020573,31.772127'",杨家边
9548,"'119.022331,31.779713'",阎王桥
9549,"'119.027612,31.790757'",甲山村
9550,"'119.039563,31.804802'",郭庄
10307,"'118.810006,31.982194'",汇景西路
10308,"'118.802706,31.981672'",双龙街(石林家乐家)
10309,"'118.800766,31.984736'",夹岗
10310,"'118.801029,31.986541'",窨子山
10311,"'118.803828,31.990521'",春天家园
10312,"'118.805117,31.993053'",南京市中医院
10313,"'118.808899,32.000378'",后江沿
10314,"'118.810799,32.004544'",光卡路
10315,"'118.812308,32.010623'",马家圩
10316,"'118.813589,32.018733'",中和桥
10317,"'118.816171,32.024963'",光华门北
10318,"'118.816499,32.028226'",标营
10319,"'118.817067,32.033068'",御道街
10320,"'118.818728,32.041775'",明故宫
10321,"'118.818351,32.044497'",后宰门南
10322,"'118.809625,32.045566'",马标
10323,"'118.804532,32.046817'",珠江路·小营
10324,"'118.798447,32.048065'",浮桥
10325,"'118.788229,32.049931'",莲花桥
10326,"'118.78331,32.050323'",广州路·中山路
10327,"'118.778772,32.050156'",儿童医院
10328,"'118.774553,32.050851'",随家仓
10329,"'118.770556,32.050803'",脑科医院
10330,"'118.767114,32.047622'",省人民医院
10331,"'118.762023,32.048511'",清凉山公园
10332,"'118.750139,32.046194'",清凉门大桥西
10333,"'118.745933,32.04635'",清凉门大街·湛江路
10334,"'118.741962,32.046454'",中心南村
10335,"'118.737795,32.046637'",清凉门大街·管子桥
10336,"'118.734787,32.044154'",鼓楼河西服务中心
10337,"'118.731704,32.043139'",东宝路总站
11268,"'118.735144,32.091908'",江边路总站
11269,"'118.735932,32.09019'",公共路中
11270,"'118.742452,32.088989'",热河路
11271,"'118.751333,32.08622'",盐仓桥广场西
11272,"'118.758367,32.081163'",中山北路·萨家湾
11273,"'118.7632,32.076984'",中山北路·三牌楼
11274,"'118.768653,32.072244'",中山北路·虹桥
11275,"'118.775022,32.066706'",山西路
11276,"'118.776441,32.065456'",中山北路·大方巷
11277,"'118.782349,32.060337'",中山北路·鼓楼
11278,"'118.784042,32.057457'",鼓楼医院
11279,"'118.784002,32.048967'",中山路·珠江路南
11280,"'118.784023,32.03931'",新街口南
11281,"'118.784023,32.031936'",三元巷
11282,"'118.783333,32.02732'",中山南路·升州路
11283,"'118.780859,32.021092'",中山南路·新桥
11284,"'118.779808,32.017277'",钓鱼台
11285,"'118.777306,32.013143'",窑湾街
11286,"'118.771111,32.003525'",雨花西路
11287,"'118.768415,31.999961'",能仁里
11288,"'118.767163,31.995668'",雨花南路·安德门
11289,"'118.772027,31.993967'",公交总公司驾校
11290,"'118.777743,31.9926'",雨花台南大门
11293,"'118.790985,31.982764'",玉兰路
11294,"'118.793777,31.976175'",丁墙路
11295,"'118.796258,31.96769'",南京南站
12052,"'118.794395,32.086811'",南京站·南广场西
12053,"'118.791517,32.088324'",龙蟠路·南京站西
12054,"'118.788602,32.089838'",中央门东
12055,"'118.784023,32.087904'",中央门南
12056,"'118.784023,32.083846'",许府巷
12057,"'118.78232,32.077642'",新模范马路东
12058,"'118.777443,32.077539'",新模范马路·青石村
12059,"'118.771484,32.077473'",司背后
12060,"'118.767354,32.075351'",新模范马路·虹桥
12062,"'118.775503,32.063105'",云南路·大方巷
12063,"'118.774155,32.056758'",上海路·北京西路
12064,"'118.774517,32.053025'",五台山北
12065,"'118.776754,32.04548'",五台山
12066,"'118.774536,32.042469'",汉中路·莫愁路
12067,"'118.767735,32.042908'",汉中路·汉中门
12068,"'118.76608,32.041596'",虎踞南路·汉中门
12069,"'118.768938,32.03503'",虎踞南路·建邺路
12070,"'118.769343,32.032571'",虎踞南路·水西门
12071,"'118.762105,32.031752'",莫愁湖公园南门
12072,"'118.757269,32.031722'",大士茶亭地铁站
12073,"'118.754776,32.029099'",南湖
12536,"'118.756768,32.03718'",莫愁新寓
12537,"'118.75111,32.031591'",玉塘村
12538,"'118.750282,32.029709'",沿河村
12539,"'118.751543,32.026035'",集庆门大街·湖西街
12540,"'118.756423,32.023852'",东升村
12541,"'118.759796,32.022297'",南湖集贸市场
12542,"'118.761253,32.020275'",彩虹苑
12543,"'118.763779,32.019447'",集庆门大桥西
12544,"'118.772341,32.0187'",集庆门
12545,"'118.776351,32.018519'",殷高巷
12546,"'118.785173,32.017902'",市第一医院
12547,"'118.790404,32.015994'",琵琶巷
12548,"'118.794488,32.014516'",武定门
12549,"'118.799434,32.014835'",节制闸路西
12550,"'118.801298,32.015468'",节制闸
12551,"'118.802726,32.013493'",节制闸南
12552,"'118.804181,32.013209'",秦虹西
12553,"'118.807153,32.013993'",秦虹小区
12554,"'118.808788,32.010452'",康安里
12555,"'118.806525,32.007393'",康居里
12556,"'118.808467,32.00651'",康美里
12557,"'118.810883,32.005371'",光卡路
12558,"'118.808824,32.000608'",后江沿
12559,"'118.806367,31.996133'",南京市中医院
12560,"'118.803624,31.995974'",洪家园
12561,"'118.799943,31.997709'",洪家园西
12562,"'118.795881,31.993859'",城头城
12563,"'118.793498,31.991233'",紫荆花路东
12564,"'118.789524,31.989797'",宁南小区
12565,"'118.778108,31.988387'",花神庙
12566,"'118.771719,31.994115'",公交总公司驾校
12567,"'118.767593,31.995611'",雨花南路·安德门
12568,"'118.759628,31.997089'",龙福山庄
12569,"'118.756473,32.002161'",纬八立交桥北
12570,"'118.753211,31.996981'",纬八立交桥
12571,"'118.750101,31.993004'",公交车辆厂
12572,"'118.74826,31.990755'",公交车辆厂南
12573,"'118.745512,31.987053'",小行桥
12574,"'118.749634,31.977764'",软件大道西
12575,"'118.744078,31.98071'",小行小区
12576,"'118.744266,31.984185'",小行里
12577,"'118.747234,31.986205'",小行
12578,"'118.75201,31.987561'",时光澔韵
12579,"'118.758305,31.99021'",菊花台
12580,"'118.762805,31.993661'",安德门
14561,"'118.733008,32.057587'",宁工新寓
14562,"'118.737648,32.057838'",龙江地铁站西
14563,"'118.744918,32.058299'",龙江小区
14564,"'118.753802,32.059501'",草场门大桥东
14565,"'118.758181,32.060864'",北京西路·草场门
14566,"'118.761423,32.060786'",江苏省委
14567,"'118.765908,32.060103'",玉泉路
14568,"'118.772766,32.059231'",北京西路·云南路
14569,"'118.781428,32.058574'",鼓楼公园
14570,"'118.789921,32.058029'",北京东路·进香河路
14571,"'118.799663,32.057488'",北京东路·兰园
14572,"'118.804562,32.057443'",北京东路·九华山
14573,"'118.812704,32.057088'",太平门
14574,"'118.818092,32.06749'",板仓街·岗子村
14575,"'118.821189,32.070091'",板仓村
14576,"'118.824748,32.072953'",钟麓花园
14577,"'118.829303,32.075718'",板仓街·花园路
14578,"'118.830109,32.078629'",樱驼村
14579,"'118.830443,32.080694'",蒋王庙
14580,"'118.832784,32.082566'",樱花路
14581,"'118.833733,32.084488'",樱驼花园
14582,"'118.831932,32.09584'",经五立交
14583,"'118.833183,32.09985'",墨香路
14584,"'118.834215,32.10411'",小营村
14585,"'118.834286,32.107281'",合作村
14586,"'118.834396,32.111133'",万寿村
14587,"'118.83453,32.115164'",墨香路北
14588,"'118.83477,32.12457'",燕城大道·寅春西路
14589,"'118.835074,32.127574'",神农路桥
14590,"'118.838921,32.130495'",神农路·燕城大道
14591,"'118.841736,32.133316'",燕江新城总站
15522,"'118.75338,32.108089'",南堡公园西
15523,"'118.747504,32.10329'",宝塔桥
15524,"'118.75103,32.101875'",方家营
15525,"'118.753307,32.100525'",方家营路·水关桥
15526,"'118.750311,32.097157'",机务段
15527,"'118.745301,32.095971'",南京西站
15528,"'118.743994,32.091399'",静海寺纪念馆
15529,"'118.750839,32.092078'",兴中门
15530,"'118.75243,32.092573'",阅江楼风景区东
15531,"'118.759619,32.093941'",长平桥西
15532,"'118.762639,32.093963'",长平桥东
15533,"'118.766046,32.093628'",民生街
15534,"'118.773893,32.091515'",城河村
15535,"'118.778013,32.090562'",金桥市场
15536,"'118.787904,32.089996'",中央门东
15537,"'118.791784,32.087842'",龙蟠路·南京站西
15538,"'118.800077,32.082872'",龙蟠路·南京站东
15539,"'118.809538,32.079361'",新庄广场北
15540,"'118.809536,32.085825'",曹后村
15541,"'118.810425,32.088611'",华跃路西
15542,"'118.817325,32.089119'",青年路
15543,"'118.818698,32.098338'",北苑新村南
15544,"'118.819345,32.102092'",北苑一村
15545,"'118.821825,32.103422'",北苑新村
15546,"'118.826376,32.102088'",月苑小区
15547,"'118.827174,32.098942'",月苑南路
15548,"'118.831932,32.09641'",经五立交
15549,"'118.832259,32.094221'",墨香路总站
16306,"'118.754502,32.107913'",南堡公园
16307,"'118.760178,32.110069'",金陵六村
16308,"'118.764061,32.112106'",燕江路
16309,"'118.76619,32.113857'",燕江路东
16310,"'118.768524,32.115093'",上元门
16311,"'118.769983,32.115292'",上元门地铁站
16312,"'118.775703,32.112213'",白云新寓
16313,"'118.779107,32.108553'",五塘村
16314,"'118.780571,32.105713'",五佰村路
16315,"'118.782067,32.102819'",干休所
16316,"'118.784156,32.098488'",河路道
16317,"'118.787353,32.09558'",安怀村
16318,"'118.794271,32.094835'",安怀村东
16319,"'118.795955,32.093404'",黄家圩
16321,"'118.788781,32.089759'",中央门东
16324,"'118.784035,32.078529'",玄武湖隧道
16325,"'118.784033,32.072604'",玄武湖公园
16326,"'118.784029,32.060198'",中央路·鼓楼
16328,"'118.784041,32.051984'",中山路·珠江路北
16330,"'118.786793,32.041536'",新街口东
16331,"'118.792652,32.041094'",大行宫西
16332,"'118.793083,32.035839'",杨公井
16333,"'118.792382,32.033643'",太平南路·常府街
16334,"'118.791033,32.029477'",太平南路·白下路
16335,"'118.789562,32.025122'",太平南路·夫子庙
17206,"'118.871936,31.733394'",南京禄口机场T1航站楼
17207,"'118.876482,31.731176'",南京禄口机场T2航站楼
17208,"'118.795686,31.927934'",翠屏山宾馆
17209,"'118.78498,31.992397'",雨花广场
17210,"'118.796833,32.009883'",秦虹桥
17211,"'118.800115,32.019717'",七里街
17212,"'118.80345,32.036282'",龙蟠中路逸仙桥
17213,"'118.798867,32.084089'",南京火车站东广场
17270,"'118.862365,31.32135'",水产市场
17271,"'118.865139,31.32036'",玉泉广场
17272,"'118.869626,31.318199'",高淳老街
17273,"'118.876323,31.317807'",雅园
17274,"'118.878901,31.319321'",牛头山
17275,"'118.881323,31.319352'",商唐
17276,"'118.882917,31.31974'",纺机厂
17277,"'118.882391,31.322904'",高淳宾馆
17278,"'118.882331,31.327461'",华润苏果
17279,"'118.882535,31.332088'",三中
17284,"'118.896211,31.332591'",长途车站
17285,"'118.895973,31.328867'",卫生局
17286,"'118.899786,31.328074'",淳辉中学
17287,"'118.902305,31.327435'",波塔东郡西
17288,"'118.904232,31.325087'",宝塔小学
17289,"'118.909067,31.323446'",市民中心东
17290,"'118.913277,31.332161'",双湖南路
17291,"'118.915381,31.336696'",体育中心
17292,"'118.919367,31.336101'",双塔医院
17293,"'118.922349,31.334918'",管家郡
17294,"'118.924267,31.334153'",临时站
17295,"'118.926495,31.333244'",河城村北
17296,"'118.936406,31.329405'",城东村
17297,"'118.941849,31.327791'",驼头村
17298,"'118.971011,31.311918'",固城加油站
17299,"'118.972575,31.310582'",固城街道
18173,"'118.876311,31.317802'",雅园
18174,"'118.878168,31.3201'",湖滨花苑
18175,"'118.877733,31.32248'",温州商贸城东
18176,"'118.877305,31.325096'",水务局
18177,"'118.877388,31.327186'",老鸦窠
18178,"'118.877589,31.330229'",红太阳广场
18185,"'118.896723,31.33873'",御沁园
18186,"'118.900703,31.341297'",义仓
18187,"'118.904043,31.341805'",姜家
18188,"'118.91071,31.344476'",双湖壹号公馆
18189,"'118.914576,31.349625'",临时站
18190,"'118.917607,31.352645'",松园路口
18191,"'118.921163,31.355777'",下塘
18192,"'118.925703,31.360343'",花园大道路口
18193,"'118.929601,31.36401'",骆村赵家
18194,"'118.932032,31.365842'",骆村
18195,"'118.934479,31.367418'",江张村
18196,"'118.938976,31.368542'",古檀大道(临时站)
18197,"'118.940026,31.366558'",湖滨中学
18200,"'118.946373,31.358185'",开发区管委会
18201,"'118.952873,31.362682'",金腾橡塑
18202,"'118.955569,31.364614'",古柏三兄
18203,"'118.961952,31.369148'",医疗器械产业园
18204,"'118.966519,31.372387'",图文广场
18205,"'118.971007,31.375586'",新能源汽车园
18206,"'118.975716,31.378906'",敖广
18207,"'118.97905,31.381207'",早御巷
18208,"'118.981619,31.382964'",高淳驾校
18209,"'118.989937,31.388647'",高淳外校
18210,"'118.992956,31.390725'",双牌石
18211,"'118.993405,31.387396'",漆桥菜场
18212,"'118.993156,31.385151'",双牌石大街
18213,"'118.992851,31.382469'",漆桥街道
18214,"'118.993736,31.380187'",双牌石客运站
20195,"'118.876563,31.341168'",高淳枢纽站
20196,"'118.87786,31.335838'",华地嘉园
20197,"'118.877525,31.33017'",红太阳广场
20198,"'118.876854,31.32888'",交通运输局
20199,"'118.87487,31.328857'",凤岭公园
20200,"'118.869266,31.328427'",甘霖路口
20201,"'118.866697,31.325773'",淳中路口
20203,"'118.869236,31.323516'",中医院(新院区)
20204,"'118.870725,31.322209'",泮池园
20205,"'118.872963,31.322742'",运管所
20206,"'118.876042,31.323464'",八佰伴
20207,"'118.877543,31.323082'",温州商贸城东
20208,"'118.878071,31.320278'",湖滨花苑
20209,"'118.878456,31.318159'",星河湾
20210,"'118.879082,31.31547'",固城湖花园
20211,"'118.881834,31.315391'",景桥茗苑
20212,"'118.884781,31.315756'",依水佳苑
20213,"'118.889816,31.316229'",迎湖茗苑
20214,"'118.892885,31.317103'",大湖美锦北
20215,"'118.895408,31.318981'",湖滨一品
20216,"'118.89575,31.323793'",苏宁雅居
20220,"'118.89388,31.340395'",区妇幼保健院
20221,"'118.887022,31.340967'",碧桂园西
20222,"'118.886428,31.343636'",中交荣域西
20223,"'118.885103,31.34965'",北部新城中学
20224,"'118.881853,31.346311'",北部新城小学
20225,"'118.876523,31.341465'",高淳枢纽站
21156,"'118.87652,31.3412'",高淳枢纽站
21157,"'118.871519,31.337242'",丰和湾
21158,"'118.867678,31.336285'",富丽花园
21159,"'118.866918,31.332476'",大市场
21160,"'118.863646,31.330482'",太安市场
21161,"'118.865295,31.327354'",康桥家园
21167,"'118.878837,31.324115'",建设银行
21168,"'118.882776,31.32433'",狮子山
21169,"'118.884822,31.324124'",凯金广场
21170,"'118.887549,31.324686'",阳光花园
21171,"'118.887465,31.329115'",临时站
21172,"'118.887417,31.33198'",学府花园
21176,"'118.898969,31.334113'",公交车站
21177,"'118.901924,31.334856'",万福城
21178,"'118.907646,31.336343'",奕淳绿园
21180,"'118.918234,31.338177'",南塘
21181,"'118.925993,31.343979'",双湖明珠
21182,"'118.929596,31.347405'",金牛机械
21183,"'118.932296,31.349674'",中邦制药
21184,"'118.931932,31.353226'",新区消防中心
21185,"'118.932085,31.35553'",大地水刀
21186,"'118.936104,31.358498'",杨家(茅山路)
21187,"'118.939823,31.361226'",人民医院南
21188,"'118.941306,31.364541'",人民医院
22245,"'118.876553,31.341109'",高淳枢纽站
22246,"'118.881943,31.346296'",北部新城小学
22247,"'118.885341,31.347749'",北部新城中学
22248,"'118.886641,31.341891'",碧桂园西
22249,"'118.895119,31.34045'",区妇幼保健院
22250,"'118.896509,31.338651'",御沁园
22253,"'118.895668,31.324358'",苏宁雅居
22254,"'118.89534,31.319002'",湖滨一品
22255,"'118.892943,31.317118'",临时站
22256,"'118.890365,31.316385'",迎湖茗苑
22257,"'118.885885,31.315768'",依水佳苑
22258,"'118.882135,31.315447'",景桥茗苑
22259,"'118.879219,31.315317'",固城湖花园
22260,"'118.878494,31.318325'",星河湾
22262,"'118.877735,31.322477'",温州商贸城东
22272,"'118.877995,31.336463'",华地嘉园
23086,"'116.265831,36.862873'",东转盘
23087,"'116.261835,36.862431'",农机商城
23088,"'116.259045,36.862661'",电业公司
23089,"'116.254855,36.863033'",小树林
23090,"'116.251159,36.86349'",蓝山小区北门
23091,"'116.247047,36.864151'",老国棉
23092,"'116.240239,36.865229'",天齐庙北门
23093,"'116.233832,36.866115'",老影院
23094,"'116.232552,36.86623'",阳光小区
23095,"'116.228848,36.86656'",妇幼保健院
23096,"'116.222315,36.867157'",一中
23097,"'116.218933,36.866423'",道德广场
23098,"'116.218141,36.862609'",大顺西门
23099,"'116.216991,36.856535'",南湖小区
23100,"'116.220447,36.853296'",二中
23101,"'116.224214,36.852976'",时风发展小区
23102,"'116.226491,36.851984'",南关
23103,"'116.225956,36.847191'",百盛居
23104,"'116.225792,36.845461'",职教中心
23105,"'116.230275,36.845902'",人民广场
23106,"'116.237649,36.843749'",普利花园北门
23107,"'116.245571,36.84364'",高唐职业教育中心南门
23108,"'116.248042,36.843605'",世家如意府
23615,"'119.012521,31.631382'",城南站
23616,"'119.016797,31.636096'",公安分局
23618,"'119.023138,31.644145'",西坛路口
23619,"'119.024562,31.646319'",中国银行
23628,"'119.048615,31.659674'",仪凤路口
23629,"'119.052721,31.659948'",中医院南
23630,"'119.057496,31.664002'",天利广场
23631,"'119.062205,31.668202'",水保路口
23632,"'119.067513,31.670977'",十里变电所
23633,"'119.075976,31.675572'",十里牌
23634,"'119.082487,31.679323'",门神岗
23635,"'119.08592,31.681267'",门神岗加油站
23636,"'119.095273,31.671966'",屏溪佳苑北
23637,"'119.095768,31.678917'",宁杭高铁溧水站
24144,"'119.05,31.630331'",崇文路小学
24145,"'119.047878,31.632365'",检察院
24146,"'119.038095,31.632335'",体育公园南
24152,"'119.031671,31.647122'",弯子口南站
24154,"'119.033446,31.651801'",永阳卫生院
24155,"'119.037836,31.651684'",青年路
24156,"'119.041888,31.651602'",金宝市场
24157,"'119.044987,31.652344'",阳光家苑
24158,"'119.044865,31.65668'",金山公寓
24159,"'119.044596,31.661149'",S7溧水站南
24160,"'119.044631,31.663637'",S7溧水站北
24161,"'119.044333,31.667696'",锦绣家园
24162,"'119.044115,31.67089'",秦淮花苑西
24163,"'119.043958,31.674375'",东城世家
24164,"'119.040786,31.676714'",东城世家北
24165,"'119.034588,31.676363'",碧水家园
24166,"'119.03072,31.679579'",塞纳名邸
24167,"'119.030395,31.685825'",明辉公司
24168,"'119.030288,31.690136'",珍珠北路
24169,"'119.031463,31.692799'",紫枫雅苑
24170,"'119.036923,31.692995'",孔家路口
24171,"'119.044812,31.693281'",中兴东路·秦淮大道
24172,"'119.047171,31.694637'",岗头路
24173,"'119.04036,31.699601'",控特电机
24174,"'119.03049,31.698225'",团山站
25105,"'119.067447,31.669036'",永阳园区
25106,"'119.068901,31.664791'",文昌路东
25107,"'119.063424,31.66204'",文昌路
25108,"'119.059592,31.660781'",段林公园
25109,"'119.052769,31.660017'",中医院
25110,"'119.04997,31.659846'",仪凤路口
25114,"'119.036332,31.657357'",交通幼儿园
25115,"'119.037127,31.652791'",宏泰花苑
25116,"'119.035862,31.646663'",三元新村
25117,"'119.034153,31.642225'",永阳幼儿园
25118,"'119.03237,31.640638'",广成花园
25119,"'119.032326,31.638312'",实验幼儿园
25120,"'119.03224,31.635035'",省溧中东
25121,"'119.031437,31.632326'",学府雅苑
25122,"'119.027548,31.633811'",省溧中西
25123,"'119.026649,31.637266'",南方新城
25124,"'119.020142,31.637321'",金蛙新村
25125,"'119.015938,31.63727'",悦居广场
25126,"'119.00145,31.63888'",凤凰小镇
25127,"'119.001146,31.636849'",凤凰名苑
25128,"'118.99872,31.630789'",上竹山
25129,"'118.997619,31.628681'",七里甸路北
25130,"'118.99635,31.62628'",七里甸路南
25131,"'118.992873,31.617782'",华塘蓝庭苑
25132,"'118.993264,31.615226'",华塘佳苑
25133,"'118.993796,31.613461'",洪蓝便民服务中心(招呼站)
25134,"'118.992296,31.610612'",金牛北路
25135,"'118.988251,31.607912'",洪蓝
25136,"'118.986684,31.605459'",洪蓝小学
25137,"'118.985406,31.60291'",洪蓝客运站
25138,"'118.985498,31.591005'",沙板桥
25139,"'118.986797,31.584392'",冯村
25140,"'118.987366,31.581976'",薛家
25141,"'118.989028,31.576311'",汤村
25142,"'118.991788,31.56895'",下仓头
25143,"'118.993172,31.56481'",渔歌
25144,"'118.997844,31.561257'",洪蓝公交首末站
27234,"'118.842255,32.145568'",八卦洲大桥南
27235,"'118.829597,32.143424'",笆斗山
27236,"'118.821914,32.136112'",燕子矶
27237,"'118.821339,32.126634'",吉祥庵
27238,"'118.818517,32.117229'",晓庄
27239,"'118.809677,32.102712'",迈皋桥
27240,"'118.802053,32.095774'",红山动物园
27241,"'118.796703,32.086701'",南京站
27242,"'118.783714,32.079871'",新模范马路
27243,"'118.784221,32.070381'",玄武门
27244,"'118.783701,32.058667'",鼓楼
27245,"'118.784208,32.050974'",珠江路
27246,"'118.784136,32.041806'",新街口
27247,"'118.783837,32.030966'",张府园
27248,"'118.781583,32.023021'",三山街
27249,"'118.774447,32.006748'",中华门
27250,"'118.761645,31.991702'",安德门
27251,"'118.763131,31.979272'",天隆寺
27252,"'118.774598,31.976801'",软件大道
27253,"'118.785648,31.977795'",花神庙
27254,"'118.797957,31.968749'",南京南站
27255,"'118.817196,31.963833'",双龙大道
27256,"'118.820141,31.952092'",河定桥
27257,"'118.821393,31.943549'",胜太路
27258,"'118.820843,31.931941'",百家湖
27259,"'118.832734,31.929735'",小龙湾
27260,"'118.844454,31.931965'",竹山路
27261,"'118.863561,31.937638'",天印大道
27262,"'118.877156,31.939902'",龙眠大道
27263,"'118.890239,31.933475'",南医大·江苏经贸学院
27264,"'118.904804,31.91286'",南京交院
27265,"'118.914127,31.897684'",中国药科大学
28258,"'103.441012,29.578664'",黄湾游客中心
28259,"'103.445081,29.578351'",张坝停车场
28260,"'103.445146,29.582686'",峨眉山滑翔伞基地
28261,"'103.450934,29.587801'",花海2号停车场
28262,"'103.452585,29.592649'",花海1号停车场
28263,"'103.454413,29.595981'",只有峨眉山戏剧幻城
28375,"'118.83786,31.939657'",区市民广场
28376,"'118.837188,31.942463'",新亭西路西
28377,"'118.833824,31.944084'",盛泰桥客运站
28378,"'118.831103,31.947274'",盛泰桥
28379,"'118.83345,31.948282'",明月花园
28380,"'118.833372,31.950625'",雅仕居
28381,"'118.83816,31.950582'",商城
28382,"'118.840462,31.94993'",天印公园
28383,"'118.847031,31.948116'",金箔路·竹山路东
28384,"'118.850426,31.947178'",五小区
28385,"'118.856618,31.94903'",金宝市场
28386,"'118.859178,31.95278'",金箔路
28387,"'118.862286,31.957231'",东山总站西门
28388,"'118.864324,31.958747'",东山总站
28389,"'118.867667,31.955333'",南京市江宁医院
28390,"'118.868539,31.951473'",湖山路·湖东路
28391,"'118.86925,31.94735'",天元吉第城
28392,"'118.871845,31.945074'",天元吉第城南
28393,"'118.876275,31.945803'",佳福苑
28394,"'118.88018,31.945829'",花锦苑
28395,"'118.882553,31.944471'",如意苑
28396,"'118.881962,31.942036'",泉东路
28397,"'118.886207,31.936836'",龙眠大道
28398,"'118.889906,31.933633'",南京医科大学
28399,"'118.893283,31.930684'",龙眠大道·逸夫医院
28400,"'118.896558,31.927422'",江宁区职教中心
28401,"'118.898358,31.922347'",宋墅路
28402,"'118.8994,31.919276'",金陵协和神学院
28403,"'118.90271,31.91507'",海事学院
28404,"'118.905579,31.911858'",交通职业技术学院
28405,"'118.909115,31.909887'",玉树路
28406,"'118.910934,31.908798'",文博路北
28407,"'118.910706,31.906507'",文博路南
28408,"'118.909424,31.901745'",芝兰路
28409,"'118.914245,31.897478'",中国药科大学
28410,"'118.917713,31.895543'",中国药科大学东门
28411,"'118.921666,31.894611'",新华公寓场站
29744,"'120.690186,30.526043'",海宁宾馆公交站
29745,"'120.691689,30.526037'",中医院
29746,"'120.693801,30.526907'",太平弄
29747,"'120.696738,30.527328'",茅桥(徐志摩故居)
29748,"'120.69704,30.527285'",茅桥
29749,"'120.698303,30.527208'",景云桥小区
29750,"'120.698952,30.52684'",颐康养护院
29751,"'120.707314,30.524935'",群利桥
29752,"'120.710274,30.52474'",竦秀景苑
29753,"'120.712739,30.524583'",水月亭路群益路口
29754,"'120.714783,30.525961'",妇保院
29755,"'120.714606,30.532415'",紫荆花园
29756,"'120.71682,30.532751'",硖东南区一里
29757,"'120.721306,30.533394'",大施带桥
29758,"'120.726402,30.532621'",施带路丹梅路口
29759,"'120.739421,30.541296'",长山农贸市场
29760,"'120.742041,30.541808'",翁家汇
29761,"'120.744954,30.542553'",星光村
30068,"'102.505127,24.894405'",阳光小区后门
30069,"'102.510319,24.89082'",新村停车场
30070,"'102.507752,24.889648'",新村商场
30071,"'102.503793,24.888576'",凌波小区
30072,"'102.501633,24.890856'",博创
30073,"'102.498186,24.893005'",六万
30074,"'102.496355,24.895751'",昆明工业职业技术学院
30075,"'102.496293,24.897586'",昆钢商场
30076,"'102.494982,24.901243'",晓塘花园
30077,"'102.495907,24.905868'",昆钢交警四中队
30078,"'102.496202,24.91448'",昆钢物流园
30079,"'102.495397,24.917396'",东湖农贸市场
30080,"'102.495041,24.918685'",圆山村
30081,"'102.491881,24.921327'",东湖路口
30082,"'102.485842,24.921159'",大巷口
30083,"'102.482831,24.920985'",百花公园
30084,"'102.479682,24.917903'",稠州银行
30085,"'102.476975,24.918303'",市人民市医院
30086,"'102.4735,24.920077'",安宁一小
30087,"'102.466185,24.919972'",上城名筑
30088,"'102.466175,24.916133'",金色国际
30089,"'102.463637,24.914397'",安宁中学
30552,"'104.709002,31.749253'",蔚来城
30553,"'104.721671,31.748082'",江油税务
30554,"'104.724349,31.746337'",政府第二办公楼
30555,"'104.726476,31.746393'",政务服务中心
30556,"'104.727982,31.751244'",顺辉花园城
30557,"'104.728714,31.755264'",水岸花都
30558,"'104.729171,31.757804'",电力小区(招呼站)
30559,"'104.729813,31.761263'",博文小区
30560,"'104.73066,31.766359'",锦绣丽苑
30561,"'104.731554,31.768633'",诗城小学
30562,"'104.736732,31.768889'",恒丰园小区
30563,"'104.741393,31.770369'",新空间家园
30564,"'104.745193,31.77173'",鱼市口
30565,"'104.747732,31.770328'",五路口
30566,"'104.754032,31.765395'",长钢南二生活区
30567,"'104.755655,31.766871'",长城特钢
30568,"'104.758932,31.771914'",江油市第二人民医院西
30569,"'104.762248,31.776836'",江油市城东医院
30570,"'104.765503,31.781793'",迎宾广场
30571,"'104.761385,31.784683'",六合花园广场
30572,"'104.756649,31.790473'",东岸华庭
30993,"'118.762044,31.983741'",安德门大街·东向花
30994,"'118.762882,31.980097'",天隆寺地铁站
30995,"'118.723595,31.907904'",世凹桃源
30996,"'118.719299,31.848715'",大塘金
30997,"'118.70185,31.774812'",黄龙岘
30998,"'118.68486,31.762335'",朱门人家
31029,"'118.82138,31.932062'",百家湖
31030,"'118.817098,31.928469'",宁溧路西
31031,"'118.812309,31.928672'",利源路
31032,"'118.808511,31.927418'",利源南路
31033,"'118.808487,31.922657'",苏源大道
31034,"'118.806259,31.919514'",颐和西苑
31035,"'118.800165,31.916523'",水韵别墅
31036,"'118.793503,31.913694'",金德茂花园
31037,"'118.787655,31.911343'",河海大学江宁校区
31038,"'118.783226,31.910673'",康厚街
31039,"'118.775619,31.909591'",佛城西路
31040,"'118.77179,31.909084'",佛城西路中
31041,"'118.770461,31.904666'",水阁路
31042,"'118.773092,31.90028'",诚信大道
31043,"'118.772895,31.896992'",隐龙路北
31044,"'118.767614,31.895794'",水长街
31045,"'118.766345,31.893173'",施家井
31046,"'118.767968,31.873408'",东善桥社区
31047,"'118.76017,31.874449'",冯村
31048,"'118.753672,31.877743'",善林
31049,"'118.743624,31.880929'",祖堂山
31050,"'118.739278,31.882292'",南唐二陵
31051,"'118.738775,31.887032'",南唐二陵景区
31558,"'118.985269,32.136021'",仙林湖总站
31559,"'118.984685,32.13231'",学森路·仙林湖路
31560,"'118.982241,32.131897'",学森路东
31561,"'118.979395,32.13116'",学森路·守敬路
31562,"'118.978051,32.129795'",学森路
31563,"'118.976866,32.128434'",纬地路·学森路
31564,"'118.970239,32.127589'",纬地路·光启路
31565,"'118.959167,32.129791'",生命科技园
31566,"'118.953232,32.127708'",纬地路
31567,"'118.944115,32.124847'",信息学院
31568,"'118.941832,32.124559'",信息学院南门
31569,"'118.937698,32.123663'",文澜路东
31570,"'118.935753,32.122997'",紫金学院
31571,"'118.930374,32.123562'",高科荣域
31572,"'118.925285,32.12254'",鸿运嘉园
31573,"'118.92231,32.124245'",文成路
31574,"'118.916088,32.122812'",仙林高铁站
31575,"'118.911526,32.120405'",智谷大道·金创路
31576,"'118.907502,32.122869'",金港科创园
31577,"'118.90357,32.120498'",仙新路·科创路
31578,"'118.8975,32.127854'",仙新路地铁站
31999,"'118.781687,32.232407'",丁家山路总站
32000,"'118.776175,32.237098'",丁家山路·新华东路
32001,"'118.770788,32.236243'",扬子石化公司
32002,"'118.767552,32.23441'",平顶山公园
32003,"'118.763451,32.232052'",新华路·长冲步行街
32004,"'118.755424,32.229277'",毕洼路·新华路
32005,"'118.75323,32.231208'",毕洼路·欣乐路
32006,"'118.748516,32.230121'",旭升花苑
32007,"'118.745516,32.226356'",新华五村西
32008,"'118.741252,32.221927'",荣盛水景城
32009,"'118.736448,32.220987'",晓山北村北
32010,"'118.731016,32.216793'",卸甲甸地铁站
32011,"'118.728688,32.209082'",大厂·杨庄北
32012,"'118.726859,32.202971'",南京信息工程大学
32013,"'118.724586,32.195423'",龙王山东
32014,"'118.719306,32.177783'",旭日学府北
32015,"'118.716545,32.168659'",六合大道·沿江
32016,"'118.713041,32.156089'",宁六路·丽景路
32017,"'118.713475,32.149434'",宁六路·东大路
32018,"'118.715705,32.144598'",泰山新村地铁站
32019,"'118.719342,32.139132'",柳洲北路北
32020,"'118.718315,32.133338'",柳洲北路·泰达路
32021,"'118.718234,32.128815'",柳洲北路·丽岛路
32022,"'118.717644,32.124176'",小柳工业园
32023,"'118.717553,32.119985'",柳洲北路南
32024,"'118.708689,32.113985'",浦珠北路·浦东路
32025,"'118.700764,32.112231'",浦珠北路·浦六路
32026,"'118.693439,32.110751'",浦厂小区
32027,"'118.684648,32.106867'",明发城市广场
32028,"'118.675875,32.100109'",南京国际健康城北
32029,"'118.66926,32.094782'",石佛寺·鼓楼医院江北国际医院
32030,"'118.662943,32.088377'",浦口知识产权服务大厦
32031,"'118.657508,32.082477'",浦珠南路·万寿路
32032,"'118.654193,32.079516'",浦珠南路·临滁路
32033,"'118.645667,32.07273'",工业大学江浦校区南
32034,"'118.638966,32.067457'",阅景龙华
32035,"'118.636359,32.063824'",环宇家园北
32036,"'118.63694,32.05997'",浦珠花园
32037,"'118.632802,32.052777'",上河街·彩虹桥
32038,"'118.637934,32.050386'",省人民医院浦口分院
32039,"'118.633745,32.04328'",滨江和园东
32040,"'118.641011,32.036576'",孵鹰大厦
32041,"'118.644001,32.034882'",江北新区研创园
33848,"'118.95804,32.199524'",龙袍
33849,"'118.938525,32.103582'",中医药大学
33852,"'118.698047,31.934592'",岱山南路总站西
33853,"'118.696452,31.933271'",岱山南路·夏家村街
33854,"'118.691094,31.93451'",岱山西路总站
33855,"'118.689684,31.936012'",西善花苑小学
33856,"'118.69334,31.94272'",明尚西苑西
33857,"'118.691432,31.943737'",恒永东苑北
33858,"'118.688513,31.942244'",岱山北路西
33859,"'118.678405,31.949134'",岱山西路北
33860,"'118.677101,31.951862'",天保地铁站
33861,"'118.692311,31.963239'",青莲街地铁站北
33862,"'118.697719,31.963314'",螺塘路·吴侯街
33863,"'118.702702,31.962341'",螺塘路·永初路
33864,"'118.700431,31.960947'",螺塘路地铁站
33867,"'118.699442,31.939016'",梅山村路·衡村街
33868,"'118.696205,31.936449'",西善花苑总站
33869,"'118.694029,31.93469'",西善花苑南
33870,"'118.693151,31.932192'",岱山西路南
33871,"'118.694788,31.931769'",岱山南路·夏家村街
33872,"'118.697533,31.934054'",岱山南路总站西
34293,"'119.209214,32.210208'",马渡村
34294,"'119.198906,32.201315'",长江村
34295,"'119.19434,32.197352'",飞花村
34296,"'119.186455,32.207413'",长泰路东
34297,"'119.182394,32.210169'",勤中
34298,"'119.178139,32.212532'",南中村
34299,"'119.174431,32.214581'",北滩桥
34300,"'119.16703,32.218468'",新棚
34301,"'119.158165,32.22266'",大棚村
34302,"'119.148038,32.227635'",泰山队
34303,"'119.128927,32.221251'",营防
34414,"'118.930835,32.037503'",天旺路
34415,"'118.932554,32.040662'",镇东路南
34416,"'118.935285,32.048527'",镇东路·悦民路
34417,"'118.930748,32.049671'",泰盈路
34418,"'118.926257,32.048106'",丁家村
34419,"'118.925252,32.042344'",开城路中
34420,"'118.92434,32.038477'",麒麟工业园
34421,"'118.924004,32.035521'",天泉路
34422,"'118.922982,32.031489'",天和路
34423,"'118.919214,32.02816'",小定林
34424,"'118.914657,32.026606'",智汇路·南湾营街
34425,"'118.910239,32.024852'",中海国际社区
34426,"'118.906927,32.024128'",启迪方洲
34427,"'118.899475,32.018398'",智汇路·沧波门北街
34428,"'118.898979,32.014389'",人口学院
34429,"'118.893098,32.01133'",谢盖
34430,"'118.888906,32.012279'",麒麟科创园
34431,"'118.880226,32.008933'",智汇路·运粮河东路
34432,"'118.874145,32.010143'",白下高新园区
34433,"'118.869865,32.008199'",永丰大道·紫霄路
34434,"'118.866724,32.006003'",石杨路·永丰大道
34435,"'118.862301,32.006933'",杨庄
34898,"'118.930024,32.099849'",仙林中心站
34899,"'118.929575,32.09717'",学子路北
34900,"'118.933173,32.094679'",灵山北路·学子路
34901,"'118.937005,32.096753'",仙林鼓楼医院
34902,"'118.940552,32.09832'",学原路
34903,"'118.939711,32.101818'",学原路·中医药大学
34904,"'118.940165,32.103312'",羊山公园地铁站
34905,"'118.947418,32.10707'",九乡河大桥
34906,"'118.960587,32.109123'",南大仙林校区
34907,"'118.965438,32.110156'",仙林金陵小学
34908,"'118.968628,32.112118'",元化路
34909,"'118.977158,32.116741'",经天路地铁站
34910,"'118.985625,32.118694'",省中医院紫东院区
34911,"'118.992431,32.121016'",仙林湖路南
34912,"'118.991636,32.124961'",仙林湖地铁站南
34913,"'118.987636,32.131975'",仙林湖路北
34916,"'118.981056,32.132374'",守敬路北
34917,"'118.993533,32.136302'",天佑苑
35574,"'118.748299,31.964978'",春江新城北
35575,"'118.745486,31.96168'",新河苑
35576,"'118.745941,31.95924'",升景坊
35577,"'118.749886,31.960207'",春江新城
35578,"'118.750175,31.961458'",江泉路
35579,"'118.758987,31.963204'",春江路东
35580,"'118.760889,31.963161'",铁心桥西
35581,"'118.763519,31.972998'",宁双路
35582,"'118.763602,31.976966'",安德门大街·软件大道
35583,"'118.762658,31.982014'",天隆寺地铁站
35584,"'118.761677,31.985676'",安德门大街·东向花
35585,"'118.761991,31.988725'",菊花台公园
35743,"'118.975381,32.115183'",经天路地铁站南
35744,"'118.973863,32.124374'",广志路·经天路
35745,"'118.97996,32.123549'",高科荣境
35746,"'118.983789,32.12314'",广志路·守敬路
35747,"'118.988111,32.123604'",广志路·仙林湖路
35748,"'118.998173,32.122582'",南京液晶谷
35749,"'118.999826,32.12046'",南京液晶谷南
35750,"'119.013824,32.120169'",仙林国际花园
35751,"'119.018898,32.119592'",仙林东路·同城世家
35752,"'119.022701,32.11947'",仙林东路·博济科技园
35753,"'119.032653,32.122542'",仙林东路·恒大雅苑
35754,"'119.03741,32.124149'",仙林东路·京东紫晶
35755,"'119.042484,32.12319'",滨河公园
35756,"'119.047449,32.118492'",香山壹境
35757,"'119.053326,32.117429'",楠山路站
35758,"'119.056632,32.120898'",大山地
35759,"'119.053971,32.124978'",九曲花苑
35760,"'119.051142,32.126693'",玉兰花园
35761,"'119.048786,32.12973'",新湖仙林翠谷
35762,"'119.046021,32.136147'",狮子山
35763,"'119.044693,32.141877'",大宅门(曹家边)
35764,"'119.040942,32.143698'",丁沙地
35765,"'119.041289,32.148333'",宝华医院
35766,"'119.040475,32.152689'",凤坛花园
36319,"'118.739751,31.882102'",祖堂山站
36320,"'118.738091,31.882166'",南唐二陵
36321,"'118.74408,31.880187'",祖堂山
36322,"'118.754057,31.877305'",善林
36323,"'118.760439,31.874208'",冯村
36324,"'118.767422,31.873273'",东善桥社区
36325,"'118.769058,31.873825'",东善桥北
36326,"'118.769579,31.885738'",康平街(宁丹路)
36327,"'118.766866,31.892298'",施家井
36328,"'118.769312,31.895857'",水长街
36329,"'118.76803,31.901432'",临时站
36330,"'118.762076,31.907804'",牛首山风景区东
36331,"'118.759722,31.90852'",牛首山风景区
36332,"'118.754407,31.919371'",普觉寺
36333,"'118.752777,31.93024'",将军山
36334,"'118.752946,31.936425'",省人武学校
36335,"'118.754036,31.94316'",韩府山庄
36336,"'118.754585,31.946962'",大定坊
36337,"'118.757879,31.951135'",王燕街
36338,"'118.761253,31.955016'",银杏山庄
36339,"'118.762282,31.961393'",铁心桥南
36340,"'118.762444,31.962878'",铁心桥
36895,"'118.769983,31.851454'",林科院南
36896,"'118.770607,31.856472'",林科院
36897,"'118.772417,31.860798'",宁丹路·东虹街
36898,"'118.772096,31.863351'",东虹花苑南苑
36899,"'118.769398,31.869637'",东善桥卫生院
36902,"'118.766742,31.892557'",施家井
36904,"'118.772835,31.896738'",隐龙路北
36905,"'118.773602,31.89987'",诚信大道
36906,"'118.770045,31.906342'",水阁路
36907,"'118.771423,31.908972'",佛城西路中
36908,"'118.7752,31.909475'",佛城西路
36909,"'118.782609,31.910534'",康厚街
36910,"'118.786042,31.91099'",河海大学江宁校区
36911,"'118.791424,31.913989'",河海大学佛城西路
36912,"'118.791376,31.918494'",将军大道康厚街
36913,"'118.79135,31.920928'",国检路
36914,"'118.791315,31.925434'",江南文枢苑
36915,"'118.790256,31.929162'",将军大道迎翠路
36916,"'118.788294,31.933628'",南佑路
36917,"'118.786328,31.938064'",翠屏国际城
36918,"'118.784427,31.943351'",翠屏山
36919,"'118.783043,31.947465'",托乐嘉
36920,"'118.781688,31.951597'",麻田路
36921,"'118.78082,31.954119'",将军大道秦淮路
36922,"'118.779835,31.956454'",秦淮新河大桥
36923,"'118.778251,31.962826'",石马
36924,"'118.776233,31.965152'",景明佳园
36925,"'118.77467,31.971589'",万博花卉
36926,"'118.774666,31.974312'",尹家巷
36927,"'118.774718,31.978106'",尹家巷北
36928,"'118.774727,31.982323'",南北中村
36929,"'118.774727,31.985673'",花神大道
36930,"'118.774722,31.989553'",望江矶
38264,"'118.827683,32.141806'",笆斗山地铁站西
38265,"'118.826996,32.138669'",枣林村
38266,"'118.829378,32.137323'",嘉善路·门坡街
38267,"'118.832713,32.136891'",徐家村街·达古路
38268,"'118.834663,32.136086'",燕城大道·佘冲街
38269,"'118.8349,32.132969'",燕城大道·伏家场街
38271,"'118.843565,32.130329'",壮举路·神农路
38272,"'118.844776,32.128575'",壮举路·春树街
38273,"'118.843956,32.125513'",化纤厂
38274,"'118.84215,32.123053'",化纤新村
38275,"'118.837789,32.118124'",万寿南
